id,user_name,repo_name
80406488,EmreSubasi,awesome-readme
83665978,Codhit,awesome-readme
48323786,bahadiraraz,bahadiraraz
83665978,Codhit,bahadiraraz
80406488,EmreSubasi,Counter-Strike-Global-Offensive
86234403,miihrisah,Counter-Strike-Global-Offensive
48323786,bahadiraraz,Counter-Strike-Global-Offensive
69302858,woosal1337,Counter-Strike-Global-Offensive
83665978,Codhit,Counter-Strike-Global-Offensive
83665978,Codhit,cpython
83666889,Self-awarehamster,file-editor
79521131,Yussufkadir,file-editor
81674297,innominata00,file-editor
73438714,mehmet-mert,file-editor
85673259,tugbajoyoy,file-editor
80406488,EmreSubasi,file-editor
86234403,miihrisah,file-editor
34101442,ersinaksar,file-editor
83665978,Codhit,file-editor
86978234,dolpsoft,file-editor
48323786,bahadiraraz,file-editor
80406488,EmreSubasi,project-euler-pull
83665978,Codhit,project-euler-pull
48323786,bahadiraraz,project_euler
83665978,Codhit,project_euler
83666889,Self-awarehamster,project_euler
79521131,Yussufkadir,project_euler
81674297,innominata00,project_euler
85673259,tugbajoyoy,project_euler
80406488,EmreSubasi,project_euler
86234403,miihrisah,project_euler
24878421,damla,project_euler
83665978,Codhit,pyqt5-custom-widgets
75902079,zypylmzz,ruby-tutorial
69302858,woosal1337,ruby-tutorial
83665978,Codhit,ruby-tutorial
69461171,myygunduz,ruby-tutorial
52383970,mustafadede,ruby-tutorial
73438714,mehmet-mert,ruby-tutorial
64807786,Qarb0n,ruby-tutorial
63648462,WormerKing,ruby-tutorial
86978234,dolpsoft,ruby-tutorial
88054958,nurgulunll,ruby-tutorial
49458946,blalyasar,ruby-tutorial
85285027,AlperBayraktar,ruby-tutorial
54551308,lazypwny751,ruby-tutorial
24878421,damla,ruby-tutorial
24500147,rcpzen,ruby-tutorial
48323786,bahadiraraz,ruby-tutorial
48323786,bahadiraraz,spotify-lyrics
73438714,mehmet-mert,spotify-lyrics
80406488,EmreSubasi,spotify-lyrics
85673259,tugbajoyoy,spotify-lyrics
30438258,mertcenkk,spotify-lyrics
85680509,osmanmercann,spotify-lyrics
79521131,Yussufkadir,spotify-lyrics
83666889,Self-awarehamster,spotify-lyrics
74717043,Owl-planet,spotify-lyrics
8817945,cgtyky,spotify-lyrics
85678233,4hMet7,spotify-lyrics
70816926,0xberkay,spotify-lyrics
86234403,miihrisah,spotify-lyrics
56193503,furkankapukayaa,spotify-lyrics
73267902,BASSEM-HABIB,spotify-lyrics
76966989,zbetulaltundal,spotify-lyrics
88269976,Tuttifruttti,spotify-lyrics
75902079,zypylmzz,spotify-lyrics
83665978,Codhit,spotify-lyrics
71541356,Pranav-Saxena,spotify-lyrics
86978234,dolpsoft,spotify-lyrics
75902079,zypylmzz,taskforce
83665978,Codhit,taskforce
69461171,myygunduz,pyqtCuwi
48323786,bahadiraraz,pyqtCuwi
64807786,Qarb0n,pyqtCuwi
