id,user_name
69767,esin
760904,kumpinar
24194934,furkanonder
24878421,damla
30438258,mertcenkk
30538035,kelesbilal
32363945,alierenekinci
35690789,MuhammedTalhaSemerci
41347478,tansionline
44275183,simayhosmeyve
45473363,DGKSK8LIFE
47941171,AykutSarac
52979890,mertgoksel
53150440,jack5341
56345107,batucimenn
63712936,enesergun
64220631,Zek-bot
64368200,ertugruldal
66091457,LogischeMitte
66493054,AnisFirdaus193
69215407,wioniqle-q
69302858,woosal1337
69461171,myygunduz
69508608,alisahin123
71778580,batinay1337
72018039,Burakuslendera
72672133,e-k-eyupoglu
73438714,mehmet-mert
75336900,berkcangumusisik
75902079,zypylmzz
78959070,barbar60
79521131,Yussufkadir
79525051,berkayersoyy
81674297,innominata00
83665978,Codhit
83666889,Self-awarehamster
85678233,4hMet7
85680509,osmanmercann
86234403,miihrisah
86978234,dolpsoft
88054958,nurgulunll
88269976,Tuttifruttti
